insert into guest(first_name, last_name, member_since)
values('Andrei', 'Žurko', '09-01-2022')
insert into guest(first_name, last_name, member_since)
values('Ervin', 'Rebane', '07-02-2022')
insert into guest(first_name, last_name, member_since)
values('Sedrik', 'Sandwich', '06-02-2022')
insert into guest(first_name, last_name, member_since)
values('Artjom', 'Ivanov', '03-04-2022')
insert into guest(first_name, last_name, member_since)
values('Oketra', 'Hetentep', '10-02-2022')

------------------------------
insert into reservation(date_in, date_out, made_by, guest_id)
values('09-01-2022', '09-02-2022', 'Andrei', 6)
insert into reservation(date_in, date_out, made_by, guest_id)
values('07-02-2022', '07-03-2022', 'Ervin', 7)
insert into reservation(date_in, date_out, made_by, guest_id)
values('06-02-2022', '06-03-2022', 'Sedrik', 8)
insert into reservation(date_in, date_out, made_by, guest_id)
values('03-04-2022', '03-05-2022', 'Artjom', 9)
insert into reservation(date_in, date_out, made_by, guest_id)
values('10-02-2022', '10-03-2022', 'Oketra', 10)

-------------------------------
insert into room_type(description, max_capacity)
values('Small',1 )
insert into room_type(description, max_capacity)
values('Medium', 2)
insert into room_type(description, max_capacity)
values('Big',5 )

-------------------------------
insert into reserved_room(number_of_rooms, room_type_id, reservation_id, status)
values(1, 1, 1, 'Settled - yes')
insert into reserved_room(number_of_rooms, room_type_id, reservation_id, status)
values(2, 2, 2, 'Settled - yes')
insert into reserved_room(number_of_rooms, room_type_id, reservation_id, status)
values(3, 3, 3, 'Settled - no')
insert into reserved_room(number_of_rooms, room_type_id, reservation_id, status)
values(1, 1, 4, 'Settled - no')
insert into reserved_room(number_of_rooms, room_type_id, reservation_id, status)
values(2, 2, 5, 'Settled - yes')

--------------------------------
insert into room(number, name, status, smoke, room_type_id)
values(1, 'Small', 'Busy', 0, 1)
insert into room(number, name, status, smoke, room_type_id)
values(2, 'Medium', 'Busy', 0, 2)
insert into room(number, name, status, smoke, room_type_id)
values(3, 'Big', 'Busy', 0, 3)
insert into room(number, name, status, smoke, room_type_id)
values(4, 'Small', 'Busy', 0, 1)
insert into room(number, name, status, smoke, room_type_id)
values(5, 'Medium', 'Busy', 0, 2)

--------------------------------
insert into occupied_room(check_in, check_out, room_id, reservation_id)
values('09-01-2022', '09-02-2022', 1, 1)
insert into occupied_room(check_in, check_out, room_id, reservation_id)
values('07-02-2022', '07-03-2022', 2, 2)
insert into occupied_room(check_in, check_out, room_id, reservation_id)
values('06-02-2022', '06-03-2022', 3, 3)
insert into occupied_room(check_in, check_out, room_id, reservation_id)
values('03-04-2022', '03-05-2022', 4, 4)
insert into occupied_room(check_in, check_out, room_id, reservation_id)
values('10-02-2022', '10-03-2022', 5, 5)

--------------------------------
insert into hosted_at(guest_id, occupled_room_id)
values(6, 1)
insert into hosted_at(guest_id, occupled_room_id)
values(7, 2)
insert into hosted_at(guest_id, occupled_room_id)
values(8, 3)
insert into hosted_at(guest_id, occupled_room_id)
values(9, 4)
insert into hosted_at(guest_id, occupled_room_id)
values(10, 5)
